{
  "boundary": "candidate token-embedding prefix logits only; current fkwu receipt safely observes four Q6_K blocks (1024 dims), not the full 12-block row, full transformer hidden-state projection, or full vocabulary",
  "candidate_logits": [
    {
      "embedding_row_block_set_sha256": "2483e56ba2bbb5d8c1b468c5753065653430344f2010abf82a6bf5cbc94c2397",
      "embedding_row_bytes": 840,
      "embedding_row_start": 1734372792,
      "logit": 0.011050662284901591,
      "logit_micro": 11051,
      "token_array_index": 14957,
      "token_entry_start": 6437466,
      "token_hex": "776f726c64",
      "token_id": 14957,
      "token_len": 5,
      "token_sha256": "486ea46224d1bb4fb680f34f7c9ad96a8f24ec88be73ea8e5a6c65260e9cb8a7",
      "token_text": "world",
      "token_text_start": 6437474
    },
    {
      "embedding_row_block_set_sha256": "557a976a1de484f5668a67ba8ff6a85f9c8ca2a2e0889fdae7d8cbd1b778f31b",
      "embedding_row_bytes": 840,
      "embedding_row_start": 1720366632,
      "logit": 0.03402962297730028,
      "logit_micro": 34030,
      "token_array_index": 9399,
      "token_entry_start": 6357850,
      "token_hex": "616e73776572",
      "token_id": 9399,
      "token_len": 6,
      "token_sha256": "0db52f4076c082518412afd3dd3576e2cb0c63703fd7fed5e23ade60efef31d9",
      "token_text": "answer",
      "token_text_start": 6357858
    },
    {
      "embedding_row_block_set_sha256": "0683d4ec79bcb378eed955211524ede1040ce92def6c2f107c412716bd2a1dbc",
      "embedding_row_bytes": 840,
      "embedding_row_start": 1698268752,
      "logit": 0.006780118814930347,
      "logit_micro": 6780,
      "token_array_index": 630,
      "token_entry_start": 6238754,
      "token_hex": "666f726d",
      "token_id": 630,
      "token_len": 4,
      "token_sha256": "07397d633f25a7101990a75864ae03d5a3b9ac07c4ed6accbc52cbfd7d7c13b4",
      "token_text": "form",
      "token_text_start": 6238762
    },
    {
      "embedding_row_block_set_sha256": "c4cee4950d430b52a9ea71c518f7b9ea75f00aeff00bddae51b3589ea62119ed",
      "embedding_row_bytes": 840,
      "embedding_row_start": 1702973592,
      "logit": 0.01988310047571673,
      "logit_micro": 19883,
      "token_array_index": 2497,
      "token_entry_start": 6262262,
      "token_hex": "6c6f63616c",
      "token_id": 2497,
      "token_len": 5,
      "token_sha256": "25bf8e1a2393f1108d37029b3df5593236c755742ec93465bbafa9b290bddcf6",
      "token_text": "local",
      "token_text_start": 6262270
    }
  ],
  "canonical_sha256_material": "gguf-real-logit-token-cell-v1 <local-gguf-blob> 2019886272 128256 1024 840 9906 4",
  "claim": "one real token selected by Form logits computed from observed native-safe real GGUF token_embd.weight Q6_K row blocks",
  "gguf_header": {
    "metadata_kv_count": 27,
    "tensor_count": 255,
    "version": 3
  },
  "gguf_path": "<local-gguf-blob>",
  "gguf_size_bytes": 2019886272,
  "manifest_body": "gguf-real-logit-token-cell-v1 <local-gguf-blob> 2019886272 128256 1024 840 9906 6365077 5 185f8db32271fe25f561a6fc938b2e264306ec304eda518007d1764826381969 1721644272 aa41ff6cc084e311e830be3a1ab4eb26215cb70e454fbb51b594311ca599d616 4 14957 6437466 5 486ea46224d1bb4fb680f34f7c9ad96a8f24ec88be73ea8e5a6c65260e9cb8a7 1734372792 2483e56ba2bbb5d8c1b468c5753065653430344f2010abf82a6bf5cbc94c2397 9399 6357850 6 0db52f4076c082518412afd3dd3576e2cb0c63703fd7fed5e23ade60efef31d9 1720366632 557a976a1de484f5668a67ba8ff6a85f9c8ca2a2e0889fdae7d8cbd1b778f31b 630 6238754 4 07397d633f25a7101990a75864ae03d5a3b9ac07c4ed6accbc52cbfd7d7c13b4 1698268752 0683d4ec79bcb378eed955211524ede1040ce92def6c2f107c412716bd2a1dbc 2497 6262262 5 25bf8e1a2393f1108d37029b3df5593236c755742ec93465bbafa9b290bddcf6 1702973592 c4cee4950d430b52a9ea71c518f7b9ea75f00aeff00bddae51b3589ea62119ed",
  "manifest_sha256": "6379162b97129fc07ac3e63c8df59acbfb630d5664d6bfafc51d3bef4dbfbb66",
  "prompt_token": {
    "embedding_row_block_set_sha256": "aa41ff6cc084e311e830be3a1ab4eb26215cb70e454fbb51b594311ca599d616",
    "embedding_row_bytes": 840,
    "embedding_row_start": 1721644272,
    "token_array_index": 9906,
    "token_entry_start": 6365077,
    "token_hex": "48656c6c6f",
    "token_id": 9906,
    "token_len": 5,
    "token_sha256": "185f8db32271fe25f561a6fc938b2e264306ec304eda518007d1764826381969",
    "token_text": "Hello",
    "token_text_start": 6365085
  },
  "selected_token": {
    "embedding_row_block_set_sha256": "557a976a1de484f5668a67ba8ff6a85f9c8ca2a2e0889fdae7d8cbd1b778f31b",
    "embedding_row_bytes": 840,
    "embedding_row_start": 1720366632,
    "logit": 0.03402962297730028,
    "logit_micro": 34030,
    "token_array_index": 9399,
    "token_entry_start": 6357850,
    "token_hex": "616e73776572",
    "token_id": 9399,
    "token_len": 6,
    "token_sha256": "0db52f4076c082518412afd3dd3576e2cb0c63703fd7fed5e23ade60efef31d9",
    "token_text": "answer",
    "token_text_start": 6357858
  },
  "token_embd_weight": {
    "absolute_start": 1696681152,
    "byte_length": 323205120,
    "dims": [
      3072,
      128256
    ],
    "proof_block_count": 4,
    "proof_embedding_dim": 1024,
    "proof_row_bytes": 840,
    "row_bytes": 2520,
    "row_values": 3072,
    "type": "Q6_K"
  },
  "tokenizer_array": {
    "count": 128256,
    "key": "tokenizer.ggml.tokens",
    "metadata_value_offset": 6231958
  }
}
